Video Title,Views
3 Best Figma AI Plugins For Web Designers In 2023,"19 views
6 days ago"
GSAP Text Reveal Animation In WordPress (Using Bricks Builder),"479 views
1 month ago"
How To Stack Cards On Scroll In WordPress (Using Bricks Builder),"1.1K views
1 month ago"
40+ Best Design Resource Websites In Under 20 MINUTES!,"493 views
8 months ago"
Notion for Designers: The Ultimate Workspace For Designers (2022),"936 views
8 months ago"
30 Best Fashion Logos | Clothing Brand Logo Design Ideas,"45K views
1 year ago"
30 Best Gym Logos | Fitness Logo Design Ideas & Inspiration,"7.9K views
1 year ago"
50 Best Wordmark Logos | Lettermark Logo Design Ideas & Inspiration,"4.3K views
1 year ago"
60 Best Photography Logos | Photographer Logo Design Ideas & Inspiration,"16K views
1 year ago"
60 Best Vintage Logos | Retro Logo Design Ideas & Inspiration,"4.5K views
1 year ago"
65 Best Gaming Logos | Gaming & eSports Logo Ideas & Inspiration,"2.1K views
1 year ago"
100 Best Motion Logos | Creative & Cool Logo Animations Ideas,"10K views
1 year ago"
35 Best Medical Logos | Creative Medical Logo Ideas,"11K views
1 year ago"
100 Best Restaurant Logos | Restaurant & Food Logo Design Ideas,"53K views
1 year ago"
35 Negative Space Logo Ideas | Clever & Creative Negative Space Logo Designs,"4K views
1 year ago"
,
Video Title,Views
3 Best Figma AI Plugins For Web Designers In 2023,"19 views
6 days ago"
GSAP Text Reveal Animation In WordPress (Using Bricks Builder),"479 views
1 month ago"
How To Stack Cards On Scroll In WordPress (Using Bricks Builder),"1.1K views
1 month ago"
40+ Best Design Resource Websites In Under 20 MINUTES!,"493 views
8 months ago"
Notion for Designers: The Ultimate Workspace For Designers (2022),"936 views
8 months ago"
30 Best Fashion Logos | Clothing Brand Logo Design Ideas,"45K views
1 year ago"
30 Best Gym Logos | Fitness Logo Design Ideas & Inspiration,"7.9K views
1 year ago"
50 Best Wordmark Logos | Lettermark Logo Design Ideas & Inspiration,"4.3K views
1 year ago"
60 Best Photography Logos | Photographer Logo Design Ideas & Inspiration,"16K views
1 year ago"
60 Best Vintage Logos | Retro Logo Design Ideas & Inspiration,"4.5K views
1 year ago"
65 Best Gaming Logos | Gaming & eSports Logo Ideas & Inspiration,"2.1K views
1 year ago"
100 Best Motion Logos | Creative & Cool Logo Animations Ideas,"10K views
1 year ago"
35 Best Medical Logos | Creative Medical Logo Ideas,"11K views
1 year ago"
100 Best Restaurant Logos | Restaurant & Food Logo Design Ideas,"53K views
1 year ago"
35 Negative Space Logo Ideas | Clever & Creative Negative Space Logo Designs,"4K views
1 year ago"
,
Video Title,Views
3 Best Figma AI Plugins For Web Designers In 2023,19
GSAP Text Reveal Animation In WordPress (Using Bricks Builder),479
How To Stack Cards On Scroll In WordPress (Using Bricks Builder),1.1K
40+ Best Design Resource Websites In Under 20 MINUTES!,493
Notion for Designers: The Ultimate Workspace For Designers (2022),936
30 Best Fashion Logos | Clothing Brand Logo Design Ideas,45K
30 Best Gym Logos | Fitness Logo Design Ideas & Inspiration,7.9K
50 Best Wordmark Logos | Lettermark Logo Design Ideas & Inspiration,4.3K
60 Best Photography Logos | Photographer Logo Design Ideas & Inspiration,16K
60 Best Vintage Logos | Retro Logo Design Ideas & Inspiration,4.5K
65 Best Gaming Logos | Gaming & eSports Logo Ideas & Inspiration,2.1K
100 Best Motion Logos | Creative & Cool Logo Animations Ideas,10K
35 Best Medical Logos | Creative Medical Logo Ideas,11K
100 Best Restaurant Logos | Restaurant & Food Logo Design Ideas,53K
35 Negative Space Logo Ideas | Clever & Creative Negative Space Logo Designs,4K
,
Video Title,Views
3 Best Figma AI Plugins For Web Designers In 2023,19
GSAP Text Reveal Animation In WordPress (Using Bricks Builder),479
How To Stack Cards On Scroll In WordPress (Using Bricks Builder),1.1K
40+ Best Design Resource Websites In Under 20 MINUTES!,493
Notion for Designers: The Ultimate Workspace For Designers (2022),936
30 Best Fashion Logos | Clothing Brand Logo Design Ideas,45K
30 Best Gym Logos | Fitness Logo Design Ideas & Inspiration,7.9K
50 Best Wordmark Logos | Lettermark Logo Design Ideas & Inspiration,4.3K
60 Best Photography Logos | Photographer Logo Design Ideas & Inspiration,16K
60 Best Vintage Logos | Retro Logo Design Ideas & Inspiration,4.5K
65 Best Gaming Logos | Gaming & eSports Logo Ideas & Inspiration,2.1K
100 Best Motion Logos | Creative & Cool Logo Animations Ideas,10K
35 Best Medical Logos | Creative Medical Logo Ideas,11K
100 Best Restaurant Logos | Restaurant & Food Logo Design Ideas,53K
35 Negative Space Logo Ideas | Clever & Creative Negative Space Logo Designs,4K
,
Video Title,Views
3 Best Figma AI Plugins For Web Designers In 2023,19
GSAP Text Reveal Animation In WordPress (Using Bricks Builder),479
How To Stack Cards On Scroll In WordPress (Using Bricks Builder),1.1K
40+ Best Design Resource Websites In Under 20 MINUTES!,493
Notion for Designers: The Ultimate Workspace For Designers (2022),936
30 Best Fashion Logos | Clothing Brand Logo Design Ideas,45K
30 Best Gym Logos | Fitness Logo Design Ideas & Inspiration,7.9K
50 Best Wordmark Logos | Lettermark Logo Design Ideas & Inspiration,4.3K
60 Best Photography Logos | Photographer Logo Design Ideas & Inspiration,16K
60 Best Vintage Logos | Retro Logo Design Ideas & Inspiration,4.5K
65 Best Gaming Logos | Gaming & eSports Logo Ideas & Inspiration,2.1K
100 Best Motion Logos | Creative & Cool Logo Animations Ideas,10K
35 Best Medical Logos | Creative Medical Logo Ideas,11K
100 Best Restaurant Logos | Restaurant & Food Logo Design Ideas,53K
35 Negative Space Logo Ideas | Clever & Creative Negative Space Logo Designs,4K
,
